{
  "project_info": {
    "project_number": "646812515390",
    "project_id": "socialx-97500",
    "storage_bucket": "socialx-97500.appspot.com"
  },
  "client": [
    {
      "client_info": {
        "mobilesdk_app_id": "1:646812515390:android:1325f8c42de9331388a56f",
        "android_client_info": {
          "package_name": "com.example.socialx"
        }
      },
      "oauth_client": [
        {
          "client_id": "646812515390-p0ud7iuhaoj0p4iqc4ls2lct2idht72p.apps.googleusercontent.com",
          "client_type": 3
        }
      ],
      "api_key": [
        {
          "current_key": "AIzaSyCv5OREWlueIlmkflUUlO-l9aBh1VXXl9w"
        }
      ],
      "services": {
        "appinvite_service": {
          "other_platform_oauth_client": [
            {
              "client_id": "646812515390-p0ud7iuhaoj0p4iqc4ls2lct2idht72p.apps.googleusercontent.com",
              "client_type": 3
            }
          ]
        }
      }
    }
  ],
  "configuration_version": "1"
}